{"1": {"Conformity": [0.14825577648624377, 1.136698854673621], "Tradition": [0.016304498019909627, 1.0619441698417544], "Benevolence": [-0.6367345308329984, 0.5615957013909378], "Universalism": [-0.5638976190615022, 0.5224366557103118], "Self-Direction": [-0.43139160408979316, 0.6995160401317148], "Stimulation": [0.6693691808115135, 1.2739313009429032], "Hedonism": [0.18476502503809156, 1.0794620157679917], "Achievement": [0.4166578781443167, 1.0291137583129426], "Power": [0.8839367063208597, 1.0438550535300268], "Security": [-0.39940972927356644, 0.86544035902166]}, "2": {"Conformity": [0.07353254787221629, 1.1166102141850194], "Tradition": [-0.04344518313731249, 1.102692065322873], "Benevolence": [-0.6434213580078618, 0.615443751367312], "Universalism": [-0.554065352342183, 0.5434300504985317], "Self-Direction": [-0.3332218489174638, 0.7508440275093391], "Stimulation": [0.6789754778456866, 1.3261866562545181], "Hedonism": [0.23745714064431345, 1.2164392616395345], "Achievement": [0.44750843567919996, 1.0741068378694674], "Power": [0.8208737541522547, 1.1183620141331316], "Security": [-0.39723087481038993, 0.9218015732596119]}, "3": {"Conformity": [0.14114417735967355, 1.1088584545553792], "Tradition": [-0.039590533419289725, 1.0174489030703608], "Benevolence": [-0.6628758704624301, 0.5686551095824854], "Universalism": [-0.5807381543968211, 0.518137587589598], "Self-Direction": [-0.33536467411703447, 0.7270867750018329], "Stimulation": [0.6872627840983161, 1.2934589154251355], "Hedonism": [0.2477657038194252, 1.2799485721230124], "Achievement": [0.39276913514556583, 0.9840253087033687], "Power": [0.8539120764973169, 1.0303036239717964], "Security": [-0.3999629489322824, 0.8983303789835908]}, "4": {"Conformity": [0.0778712567828754, 1.0384099567430216], "Tradition": [-0.03657471913078671, 1.0019453317425877], "Benevolence": [-0.6118399115089184, 0.6007850487783909], "Universalism": [-0.49652457509957504, 0.5173985843924345], "Self-Direction": [-0.297156558410411, 0.7227100982025843], "Stimulation": [0.7042924371126995, 1.3353586008348277], "Hedonism": [0.3092228902869356, 1.2411998700094746], "Achievement": [0.29969056916998105, 0.9978047754245484], "Power": [0.7476692272712954, 1.0630467409656275], "Security": [-0.44131968358515994, 0.8955377979971517]}, "5": {"Conformity": [0.11135520079387645, 1.026517550821518], "Tradition": [-0.033597706922856435, 1.0251527114415409], "Benevolence": [-0.6505921402209728, 0.5829724249150662], "Universalism": [-0.5079237811586685, 0.49888640983956606], "Self-Direction": [-0.2975643326211119, 0.744248947988385], "Stimulation": [0.7103278592843049, 1.3599729817509476], "Hedonism": [0.2991309786091798, 1.2067864333645135], "Achievement": [0.34007885835677526, 0.9885602254856808], "Power": [0.7617389434992867, 1.0278625455551906], "Security": [-0.4700981447138021, 0.8837326945069808]}, "6": {"Conformity": [0.13763321095665174, 0.9920195223278838], "Tradition": [-0.04018248554027908, 0.951202409794622], "Benevolence": [-0.6374887120107873, 0.5455163014329637], "Universalism": [-0.497915245148284, 0.4810791667980819], "Self-Direction": [-0.3014182034461839, 0.6659240758207557], "Stimulation": [0.6851137753905827, 1.2457831969805189], "Hedonism": [0.3025051671575902, 1.1430290851489842], "Achievement": [0.2897436550897423, 0.901778319978056], "Power": [0.7878036059556763, 1.0516361415188897], "Security": [-0.4655710998142904, 0.7856025941271558]}, "7": {"Conformity": [0.17285954536686418, 1.0453429277900912], "Tradition": [-0.012142788829576102, 0.9417644469569353], "Benevolence": [-0.7133435181039145, 0.5645576512712196], "Universalism": [-0.5742182368258177, 0.514083102595802], "Self-Direction": [-0.3809325663988176, 0.7060674582883883], "Stimulation": [0.6864545074713667, 1.1853894337762199], "Hedonism": [0.17240488833892775, 1.0210679510634115], "Achievement": [0.4474093513745037, 1.0042949015759555], "Power": [0.9123396993000294, 1.0216692078235512], "Security": [-0.41816018919501863, 0.8383908320774929]}, "8": {"Conformity": [0.21457156537762986, 1.055298718178319], "Tradition": [-0.05273725171010398, 0.9383694355990937], "Benevolence": [-0.6854278210316793, 0.5963214932344165], "Universalism": [-0.5165397998494383, 0.4989632614108645], "Self-Direction": [-0.3800383963421721, 0.6957432270543604], "Stimulation": [0.6403921184255645, 1.1880349916070467], "Hedonism": [0.17412587725250198, 1.0236111279545652], "Achievement": [0.41483991218728056, 1.0172041459553463], "Power": [0.8588850675727804, 1.0548873492829063], "Security": [-0.4000327903600054, 0.8007886677592017]}, "9": {"Conformity": [0.1694796324921446, 1.0032366506097707], "Tradition": [-0.09440327960599838, 0.9355245224852261], "Benevolence": [-0.7433787258275303, 0.5484333865877895], "Universalism": [-0.5829849589111473, 0.48868100411021936], "Self-Direction": [-0.3285880804951209, 0.6967187606941007], "Stimulation": [0.7206406427409527, 1.1967551865918828], "Hedonism": [0.24075099388014623, 1.0792845201920311], "Achievement": [0.4288452766789029, 0.9989650263033089], "Power": [0.9415921611623274, 1.0044429601846478], "Security": [-0.4489723713722665, 0.8227063505043849]}, "10": {"Conformity": [0.1416821470366411, 0.8972901392207885], "Tradition": [-0.01671968446916569, 0.9241173313731518], "Benevolence": [-0.5735384666130949, 0.5491083967081934], "Universalism": [-0.4918964376331794, 0.46484086762330734], "Self-Direction": [-0.28470627532517573, 0.639828074473276], "Stimulation": [0.5982611928926068, 1.0639718221268364], "Hedonism": [0.15758251657214944, 0.9336411367941359], "Achievement": [0.3854599222592244, 0.944364593546858], "Power": [0.8113132249039113, 0.9852702484534906], "Security": [-0.4729848926628805, 0.7166851542170297]}}